date,district
2021-09-01,Batu Pahat
2021-09-01,Johor Bahru
2021-09-01,Kluang
2021-09-01,Kota Tinggi
2021-09-01,Kulai
2021-09-01,Mersing
2021-09-01,Muar
2021-09-01,Pontian
2021-09-01,Segamat
2021-09-01,Tangkak
2021-09-01,Baling
2021-09-01,Bandar Baharu
2021-09-01,Kota Setar
2021-09-01,Kuala Muda
2021-09-01,Kubang Pasu
2021-09-01,Kulim
2021-09-01,Langkawi
2021-09-01,Padang Terap
2021-09-01,Pendang
2021-09-01,Pokok Sena
2021-09-01,Sik
2021-09-01,Yan
2021-09-01,Bachok
2021-09-01,Gua Musang
2021-09-01,Jeli
2021-09-01,Kecil Lojing
2021-09-01,Kota Bharu
2021-09-01,Kuala Krai
2021-09-01,Machang
2021-09-01,Pasir Mas
2021-09-01,Pasir Puteh
2021-09-01,Tanah Merah
2021-09-01,Tumpat
2021-09-01,Alor Gajah
2021-09-01,Jasin
2021-09-01,Melaka Tengah
2021-09-01,Jelebu
2021-09-01,Jempol
2021-09-01,Kuala Pilah
2021-09-01,Port Dickson
2021-09-01,Rembau
2021-09-01,Seremban
2021-09-01,Tampin
2021-09-01,Bentong
2021-09-01,Bera
2021-09-01,Cameron Highlands
2021-09-01,Jerantut
2021-09-01,Kuantan
2021-09-01,Lipis
2021-09-01,Maran
2021-09-01,Pekan
2021-09-01,Raub
2021-09-01,Rompin
2021-09-01,Temerloh
2021-09-01,Bagan Datuk
2021-09-01,Batang Padang
2021-09-01,Hilir Perak
2021-09-01,Hulu Perak
2021-09-01,Kampar
2021-09-01,Kerian
2021-09-01,Kuala Kangsar
2021-09-01,Larut Dan Matang
2021-09-01,Manjung
2021-09-01,Muallim
2021-09-01,Perak Tengah
2021-09-01,Perlis
2021-09-01,Barat Daya
2021-09-01,Seberang Perai Selatan
2021-09-01,Seberang Perai Tengah
2021-09-01,Seberang Perai Utara
2021-09-01,Timur Laut
2021-09-01,Beaufort
2021-09-01,Beluran
2021-09-01,Keningau
2021-09-01,Kinabatangan
2021-09-01,Kota Belud
2021-09-01,Kota Kinabalu
2021-09-01,Kota Marudu
2021-09-01,Kuala Penyu
2021-09-01,Kudat
2021-09-01,Kunak
2021-09-01,Lahad Datu
2021-09-01,Nabawan
2021-09-01,Papar
2021-09-01,Penampang
2021-09-01,Pitas
2021-09-01,Putatan
2021-09-01,Ranau
2021-09-01,Sandakan
2021-09-01,Semporna
2021-09-01,Sipitang
2021-09-01,Tambunan
2021-09-01,Tawau
2021-09-01,Telupid
2021-09-01,Tenom
2021-09-01,Tongod
2021-09-01,Tuaran
2021-09-01,Asajaya
2021-09-01,Bau
2021-09-01,Belaga
2021-09-01,Beluru
2021-09-01,Betong
2021-09-01,Bintulu
2021-09-01,Dalat
2021-09-01,Daro
2021-09-01,Julau
2021-09-01,Kabong
2021-09-01,Kanowit
2021-09-01,Kapit
2021-09-01,Kuching
2021-09-01,Lawas
2021-09-01,Limbang
2021-09-01,Lubok Antu
2021-09-01,Lundu
2021-09-01,Maradong
2021-09-01,Marudi
2021-09-01,Matu
2021-09-01,Miri
2021-09-01,Mukah
2021-09-01,Pakan
2021-09-01,Pusa
2021-09-01,Samarahan
2021-09-01,Saratok
2021-09-01,Sarikei
2021-09-01,Sebauh
2021-09-01,Selangau
2021-09-01,Serian
2021-09-01,Simunjan
2021-09-01,Song
2021-09-01,Sri Aman
2021-09-01,Subis
2021-09-01,Tanjung Manis
2021-09-01,Tatau
2021-09-01,Tebedu
2021-09-01,Telang Usan
2021-09-01,Gombak
2021-09-01,Hulu Langat
2021-09-01,Hulu Selangor
2021-09-01,Klang
2021-09-01,Kuala Langat
2021-09-01,Kuala Selangor
2021-09-01,Sabak Bernam
2021-09-01,Sepang
2021-09-01,Besut
2021-09-01,Dungun
2021-09-01,Hulu Terengganu
2021-09-01,Kemaman
2021-09-01,Kuala Nerus
2021-09-01,Kuala Terengganu
2021-09-01,Marang
2021-09-01,Setiu
2021-09-01,Kuala Lumpur
2021-09-01,Labuan
2021-09-01,Putrajaya
2021-09-02,Batu Pahat
2021-09-02,Johor Bahru
2021-09-02,Kluang
2021-09-02,Kota Tinggi
2021-09-02,Kulai
2021-09-02,Mersing
2021-09-02,Muar
2021-09-02,Pontian
2021-09-02,Segamat
2021-09-02,Tangkak
2021-09-02,Baling
2021-09-02,Bandar Baharu
2021-09-02,Kota Setar
2021-09-02,Kuala Muda
2021-09-02,Kubang Pasu
2021-09-02,Kulim
2021-09-02,Langkawi
2021-09-02,Padang Terap
2021-09-02,Pendang
2021-09-02,Pokok Sena
2021-09-02,Sik
2021-09-02,Yan
2021-09-02,Bachok
2021-09-02,Gua Musang
2021-09-02,Jeli
2021-09-02,Kecil Lojing
2021-09-02,Kota Bharu
2021-09-02,Kuala Krai
2021-09-02,Machang
2021-09-02,Pasir Mas
2021-09-02,Pasir Puteh
2021-09-02,Tanah Merah
2021-09-02,Tumpat
2021-09-02,Jasin
2021-09-02,Jelebu
2021-09-02,Jempol
2021-09-02,Kuala Pilah
2021-09-02,Port Dickson
2021-09-02,Rembau
2021-09-02,Seremban
2021-09-02,Tampin
2021-09-02,Bentong
2021-09-02,Bera
2021-09-02,Cameron Highlands
2021-09-02,Jerantut
2021-09-02,Kuantan
2021-09-02,Lipis
2021-09-02,Maran
2021-09-02,Pekan
2021-09-02,Raub
2021-09-02,Rompin
2021-09-02,Temerloh
2021-09-02,Bagan Datuk
2021-09-02,Batang Padang
2021-09-02,Hilir Perak
2021-09-02,Hulu Perak
2021-09-02,Kampar
2021-09-02,Kerian
2021-09-02,Kinta
2021-09-02,Kuala Kangsar
2021-09-02,Larut Dan Matang
2021-09-02,Manjung
2021-09-02,Muallim
2021-09-02,Perak Tengah
2021-09-02,Perlis
2021-09-02,Barat Daya
2021-09-02,Seberang Perai Selatan
2021-09-02,Seberang Perai Tengah
2021-09-02,Seberang Perai Utara
2021-09-02,Timur Laut
2021-09-02,Beaufort
2021-09-02,Beluran
2021-09-02,Keningau
2021-09-02,Kinabatangan
2021-09-02,Kota Belud
2021-09-02,Kota Kinabalu
2021-09-02,Kota Marudu
2021-09-02,Kuala Penyu
2021-09-02,Kudat
2021-09-02,Kunak
2021-09-02,Lahad Datu
2021-09-02,Nabawan
2021-09-02,Papar
2021-09-02,Penampang
2021-09-02,Pitas
2021-09-02,Putatan
2021-09-02,Ranau
2021-09-02,Sandakan
2021-09-02,Semporna
2021-09-02,Sipitang
2021-09-02,Tambunan
2021-09-02,Tawau
2021-09-02,Telupid
2021-09-02,Tenom
2021-09-02,Tongod
2021-09-02,Tuaran
2021-09-02,Asajaya
2021-09-02,Bau
2021-09-02,Belaga
2021-09-02,Beluru
2021-09-02,Betong
2021-09-02,Bintulu
2021-09-02,Dalat
2021-09-02,Daro
2021-09-02,Julau
2021-09-02,Kabong
2021-09-02,Kanowit
2021-09-02,Kapit
2021-09-02,Kuching
2021-09-02,Lawas
2021-09-02,Limbang
2021-09-02,Lubok Antu
2021-09-02,Lundu
2021-09-02,Maradong
2021-09-02,Marudi
2021-09-02,Matu
2021-09-02,Miri
2021-09-02,Mukah
2021-09-02,Pakan
2021-09-02,Pusa
2021-09-02,Samarahan
2021-09-02,Saratok
2021-09-02,Sarikei
2021-09-02,Sebauh
2021-09-02,Selangau
2021-09-02,Serian
2021-09-02,Sibu
2021-09-02,Simunjan
2021-09-02,Song
2021-09-02,Sri Aman
2021-09-02,Subis
2021-09-02,Tanjung Manis
2021-09-02,Tatau
2021-09-02,Tebedu
2021-09-02,Telang Usan
2021-09-02,Gombak
2021-09-02,Hulu Selangor
2021-09-02,Klang
2021-09-02,Kuala Langat
2021-09-02,Kuala Selangor
2021-09-02,Sabak Bernam
2021-09-02,Sepang
2021-09-02,Besut
2021-09-02,Dungun
2021-09-02,Hulu Terengganu
2021-09-02,Kemaman
2021-09-02,Kuala Nerus
2021-09-02,Kuala Terengganu
2021-09-02,Marang
2021-09-02,Setiu
2021-09-02,Kuala Lumpur
2021-09-02,Labuan
2021-09-02,Putrajaya
2021-09-03,Batu Pahat
2021-09-03,Johor Bahru
2021-09-03,Kluang
2021-09-03,Kota Tinggi
2021-09-03,Kulai
2021-09-03,Mersing
2021-09-03,Muar
2021-09-03,Pontian
2021-09-03,Segamat
2021-09-03,Tangkak
2021-09-03,Baling
2021-09-03,Bandar Baharu
2021-09-03,Kota Setar
2021-09-03,Kuala Muda
2021-09-03,Kubang Pasu
2021-09-03,Kulim
2021-09-03,Langkawi
2021-09-03,Padang Terap
2021-09-03,Pendang
2021-09-03,Pokok Sena
2021-09-03,Sik
2021-09-03,Yan
2021-09-03,Bachok
2021-09-03,Gua Musang
2021-09-03,Jeli
2021-09-03,Kecil Lojing
2021-09-03,Kota Bharu
2021-09-03,Kuala Krai
2021-09-03,Machang
2021-09-03,Pasir Mas
2021-09-03,Pasir Puteh
2021-09-03,Tanah Merah
2021-09-03,Tumpat
2021-09-03,Alor Gajah
2021-09-03,Jasin
2021-09-03,Melaka Tengah
2021-09-03,Jelebu
2021-09-03,Jempol
2021-09-03,Kuala Pilah
2021-09-03,Port Dickson
2021-09-03,Rembau
2021-09-03,Seremban
2021-09-03,Tampin
2021-09-03,Bentong
2021-09-03,Bera
2021-09-03,Cameron Highlands
2021-09-03,Jerantut
2021-09-03,Kuantan
2021-09-03,Lipis
2021-09-03,Maran
2021-09-03,Pekan
2021-09-03,Raub
2021-09-03,Rompin
2021-09-03,Temerloh
2021-09-03,Bagan Datuk
2021-09-03,Batang Padang
2021-09-03,Hilir Perak
2021-09-03,Hulu Perak
2021-09-03,Kampar
2021-09-03,Kerian
2021-09-03,Kinta
2021-09-03,Kuala Kangsar
2021-09-03,Larut Dan Matang
2021-09-03,Manjung
2021-09-03,Muallim
2021-09-03,Perak Tengah
2021-09-03,Perlis
2021-09-03,Barat Daya
2021-09-03,Seberang Perai Selatan
2021-09-03,Seberang Perai Tengah
2021-09-03,Seberang Perai Utara
2021-09-03,Timur Laut
2021-09-03,Beaufort
2021-09-03,Beluran
2021-09-03,Keningau
2021-09-03,Kinabatangan
2021-09-03,Kota Belud
2021-09-03,Kota Kinabalu
2021-09-03,Kota Marudu
2021-09-03,Kuala Penyu
2021-09-03,Kudat
2021-09-03,Kunak
2021-09-03,Lahad Datu
2021-09-03,Nabawan
2021-09-03,Papar
2021-09-03,Penampang
2021-09-03,Pitas
2021-09-03,Putatan
2021-09-03,Ranau
2021-09-03,Sandakan
2021-09-03,Semporna
2021-09-03,Sipitang
2021-09-03,Tambunan
2021-09-03,Tawau
2021-09-03,Telupid
2021-09-03,Tenom
2021-09-03,Tongod
2021-09-03,Tuaran
2021-09-03,Asajaya
2021-09-03,Bau
2021-09-03,Belaga
2021-09-03,Beluru
2021-09-03,Betong
2021-09-03,Bintulu
2021-09-03,Dalat
2021-09-03,Daro
2021-09-03,Julau
2021-09-03,Kabong
2021-09-03,Kanowit
2021-09-03,Kapit
2021-09-03,Kuching
2021-09-03,Lawas
2021-09-03,Limbang
2021-09-03,Lubok Antu
2021-09-03,Lundu
2021-09-03,Maradong
2021-09-03,Marudi
2021-09-03,Matu
2021-09-03,Miri
2021-09-03,Mukah
2021-09-03,Pakan
2021-09-03,Pusa
2021-09-03,Samarahan
2021-09-03,Saratok
2021-09-03,Sarikei
2021-09-03,Sebauh
2021-09-03,Selangau
2021-09-03,Serian
2021-09-03,Sibu
2021-09-03,Simunjan
2021-09-03,Song
2021-09-03,Sri Aman
2021-09-03,Subis
2021-09-03,Tanjung Manis
2021-09-03,Tatau
2021-09-03,Tebedu
2021-09-03,Telang Usan
2021-09-03,Gombak
2021-09-03,Hulu Langat
2021-09-03,Hulu Selangor
2021-09-03,Klang
2021-09-03,Kuala Langat
2021-09-03,Kuala Selangor
2021-09-03,Petaling
2021-09-03,Sabak Bernam
2021-09-03,Sepang
2021-09-03,Besut
2021-09-03,Dungun
2021-09-03,Hulu Terengganu
2021-09-03,Kemaman
2021-09-03,Kuala Nerus
2021-09-03,Kuala Terengganu
2021-09-03,Marang
2021-09-03,Setiu
2021-09-03,Kuala Lumpur
2021-09-03,Labuan
2021-09-03,Putrajaya
2021-09-04,Batu Pahat
2021-09-04,Johor Bahru
2021-09-04,Kluang
2021-09-04,Kota Tinggi
2021-09-04,Kulai
2021-09-04,Mersing
2021-09-04,Muar
2021-09-04,Pontian
2021-09-04,Segamat
2021-09-04,Tangkak
2021-09-04,Baling
2021-09-04,Bandar Baharu
2021-09-04,Kota Setar
2021-09-04,Kuala Muda
2021-09-04,Kubang Pasu
2021-09-04,Kulim
2021-09-04,Langkawi
2021-09-04,Padang Terap
2021-09-04,Pendang
2021-09-04,Pokok Sena
2021-09-04,Sik
2021-09-04,Yan
2021-09-04,Bachok
2021-09-04,Gua Musang
2021-09-04,Jeli
2021-09-04,Kecil Lojing
2021-09-04,Kota Bharu
2021-09-04,Kuala Krai
2021-09-04,Machang
2021-09-04,Pasir Mas
2021-09-04,Pasir Puteh
2021-09-04,Tanah Merah
2021-09-04,Tumpat
2021-09-04,Alor Gajah
2021-09-04,Jasin
2021-09-04,Melaka Tengah
2021-09-04,Jelebu
2021-09-04,Jempol
2021-09-04,Kuala Pilah
2021-09-04,Port Dickson
2021-09-04,Rembau
2021-09-04,Seremban
2021-09-04,Tampin
2021-09-04,Bentong
2021-09-04,Bera
2021-09-04,Cameron Highlands
2021-09-04,Jerantut
2021-09-04,Kuantan
2021-09-04,Lipis
2021-09-04,Maran
2021-09-04,Pekan
2021-09-04,Raub
2021-09-04,Rompin
2021-09-04,Temerloh
2021-09-04,Bagan Datuk
2021-09-04,Batang Padang
2021-09-04,Hilir Perak
2021-09-04,Hulu Perak
2021-09-04,Kampar
2021-09-04,Kerian
2021-09-04,Kinta
2021-09-04,Kuala Kangsar
2021-09-04,Larut Dan Matang
2021-09-04,Manjung
2021-09-04,Muallim
2021-09-04,Perak Tengah
2021-09-04,Perlis
2021-09-04,Barat Daya
2021-09-04,Seberang Perai Selatan
2021-09-04,Seberang Perai Tengah
2021-09-04,Seberang Perai Utara
2021-09-04,Timur Laut
2021-09-04,Beaufort
2021-09-04,Beluran
2021-09-04,Keningau
2021-09-04,Kinabatangan
2021-09-04,Kota Belud
2021-09-04,Kota Kinabalu
2021-09-04,Kota Marudu
2021-09-04,Kuala Penyu
2021-09-04,Kudat
2021-09-04,Kunak
2021-09-04,Lahad Datu
2021-09-04,Nabawan
2021-09-04,Papar
2021-09-04,Penampang
2021-09-04,Pitas
2021-09-04,Putatan
2021-09-04,Ranau
2021-09-04,Sandakan
2021-09-04,Semporna
2021-09-04,Sipitang
2021-09-04,Tambunan
2021-09-04,Tawau
2021-09-04,Telupid
2021-09-04,Tenom
2021-09-04,Tongod
2021-09-04,Tuaran
2021-09-04,Asajaya
2021-09-04,Bau
2021-09-04,Belaga
2021-09-04,Beluru
2021-09-04,Betong
2021-09-04,Bintulu
2021-09-04,Dalat
2021-09-04,Daro
2021-09-04,Julau
2021-09-04,Kabong
2021-09-04,Kanowit
2021-09-04,Kapit
2021-09-04,Kuching
2021-09-04,Lawas
2021-09-04,Limbang
2021-09-04,Lubok Antu
2021-09-04,Lundu
2021-09-04,Maradong
2021-09-04,Marudi
2021-09-04,Matu
2021-09-04,Miri
2021-09-04,Mukah
2021-09-04,Pakan
2021-09-04,Pusa
2021-09-04,Samarahan
2021-09-04,Saratok
2021-09-04,Sarikei
2021-09-04,Sebauh
2021-09-04,Selangau
2021-09-04,Serian
2021-09-04,Sibu
2021-09-04,Simunjan
2021-09-04,Song
2021-09-04,Sri Aman
2021-09-04,Subis
2021-09-04,Tanjung Manis
2021-09-04,Tatau
2021-09-04,Tebedu
2021-09-04,Telang Usan
2021-09-04,Gombak
2021-09-04,Hulu Langat
2021-09-04,Hulu Selangor
2021-09-04,Klang
2021-09-04,Kuala Langat
2021-09-04,Kuala Selangor
2021-09-04,Petaling
2021-09-04,Sabak Bernam
2021-09-04,Sepang
2021-09-04,Besut
2021-09-04,Dungun
2021-09-04,Hulu Terengganu
2021-09-04,Kemaman
2021-09-04,Kuala Nerus
2021-09-04,Kuala Terengganu
2021-09-04,Marang
2021-09-04,Setiu
2021-09-04,Kuala Lumpur
2021-09-04,Labuan
2021-09-05,Batu Pahat
2021-09-05,Johor Bahru
2021-09-05,Kluang
2021-09-05,Kota Tinggi
2021-09-05,Kulai
2021-09-05,Mersing
2021-09-05,Muar
2021-09-05,Pontian
2021-09-05,Segamat
2021-09-05,Tangkak
2021-09-05,Baling
2021-09-05,Bandar Baharu
2021-09-05,Kota Setar
2021-09-05,Kuala Muda
2021-09-05,Kubang Pasu
2021-09-05,Kulim
2021-09-05,Langkawi
2021-09-05,Padang Terap
2021-09-05,Pendang
2021-09-05,Pokok Sena
2021-09-05,Sik
2021-09-05,Yan
2021-09-05,Bachok
2021-09-05,Gua Musang
2021-09-05,Jeli
2021-09-05,Kecil Lojing
2021-09-05,Kota Bharu
2021-09-05,Kuala Krai
2021-09-05,Machang
2021-09-05,Pasir Mas
2021-09-05,Pasir Puteh
2021-09-05,Tanah Merah
2021-09-05,Tumpat
2021-09-05,Alor Gajah
2021-09-05,Jasin
2021-09-05,Melaka Tengah
2021-09-05,Jelebu
2021-09-05,Jempol
2021-09-05,Kuala Pilah
2021-09-05,Port Dickson
2021-09-05,Rembau
2021-09-05,Seremban
2021-09-05,Tampin
2021-09-05,Bentong
2021-09-05,Bera
2021-09-05,Cameron Highlands
2021-09-05,Jerantut
2021-09-05,Kuantan
2021-09-05,Lipis
2021-09-05,Maran
2021-09-05,Pekan
2021-09-05,Raub
2021-09-05,Rompin
2021-09-05,Temerloh
2021-09-05,Bagan Datuk
2021-09-05,Batang Padang
2021-09-05,Hilir Perak
2021-09-05,Hulu Perak
2021-09-05,Kampar
2021-09-05,Kerian
2021-09-05,Kinta
2021-09-05,Kuala Kangsar
2021-09-05,Larut Dan Matang
2021-09-05,Manjung
2021-09-05,Muallim
2021-09-05,Perak Tengah
2021-09-05,Perlis
2021-09-05,Barat Daya
2021-09-05,Seberang Perai Selatan
2021-09-05,Seberang Perai Tengah
2021-09-05,Seberang Perai Utara
2021-09-05,Timur Laut
2021-09-05,Beaufort
2021-09-05,Beluran
2021-09-05,Keningau
2021-09-05,Kinabatangan
2021-09-05,Kota Belud
2021-09-05,Kota Kinabalu
2021-09-05,Kota Marudu
2021-09-05,Kuala Penyu
2021-09-05,Kudat
2021-09-05,Kunak
2021-09-05,Lahad Datu
2021-09-05,Nabawan
2021-09-05,Papar
2021-09-05,Penampang
2021-09-05,Pitas
2021-09-05,Putatan
2021-09-05,Ranau
2021-09-05,Sandakan
2021-09-05,Semporna
2021-09-05,Sipitang
2021-09-05,Tambunan
2021-09-05,Tawau
2021-09-05,Telupid
2021-09-05,Tenom
2021-09-05,Tongod
2021-09-05,Tuaran
2021-09-05,Asajaya
2021-09-05,Bau
2021-09-05,Belaga
2021-09-05,Beluru
2021-09-05,Betong
2021-09-05,Bintulu
2021-09-05,Dalat
2021-09-05,Daro
2021-09-05,Julau
2021-09-05,Kabong
2021-09-05,Kanowit
2021-09-05,Kapit
2021-09-05,Kuching
2021-09-05,Lawas
2021-09-05,Limbang
2021-09-05,Lubok Antu
2021-09-05,Lundu
2021-09-05,Maradong
2021-09-05,Marudi
2021-09-05,Matu
2021-09-05,Miri
2021-09-05,Mukah
2021-09-05,Pakan
2021-09-05,Pusa
2021-09-05,Samarahan
2021-09-05,Saratok
2021-09-05,Sarikei
2021-09-05,Sebauh
2021-09-05,Selangau
2021-09-05,Serian
2021-09-05,Sibu
2021-09-05,Simunjan
2021-09-05,Song
2021-09-05,Sri Aman
2021-09-05,Subis
2021-09-05,Tanjung Manis
2021-09-05,Tatau
2021-09-05,Tebedu
2021-09-05,Telang Usan
2021-09-05,Gombak
2021-09-05,Hulu Langat
2021-09-05,Hulu Selangor
2021-09-05,Klang
2021-09-05,Kuala Langat
2021-09-05,Kuala Selangor
2021-09-05,Sabak Bernam
2021-09-05,Sepang
2021-09-05,Besut
2021-09-05,Dungun
2021-09-05,Hulu Terengganu
2021-09-05,Kemaman
2021-09-05,Kuala Nerus
2021-09-05,Kuala Terengganu
2021-09-05,Marang
2021-09-05,Setiu
2021-09-05,Kuala Lumpur
2021-09-05,Labuan
2021-09-05,Putrajaya
2021-09-06,Batu Pahat
2021-09-06,Johor Bahru
2021-09-06,Kluang
2021-09-06,Kota Tinggi
2021-09-06,Kulai
2021-09-06,Mersing
2021-09-06,Muar
2021-09-06,Pontian
2021-09-06,Segamat
2021-09-06,Tangkak
2021-09-06,Baling
2021-09-06,Bandar Baharu
2021-09-06,Kota Setar
2021-09-06,Kuala Muda
2021-09-06,Kubang Pasu
2021-09-06,Kulim
2021-09-06,Langkawi
2021-09-06,Padang Terap
2021-09-06,Pendang
2021-09-06,Pokok Sena
2021-09-06,Sik
2021-09-06,Yan
2021-09-06,Bachok
2021-09-06,Gua Musang
2021-09-06,Jeli
2021-09-06,Kecil Lojing
2021-09-06,Kota Bharu
2021-09-06,Kuala Krai
2021-09-06,Machang
2021-09-06,Pasir Mas
2021-09-06,Pasir Puteh
2021-09-06,Tanah Merah
2021-09-06,Tumpat
2021-09-06,Alor Gajah
2021-09-06,Jasin
2021-09-06,Jelebu
2021-09-06,Jempol
2021-09-06,Kuala Pilah
2021-09-06,Port Dickson
2021-09-06,Rembau
2021-09-06,Seremban
2021-09-06,Tampin
2021-09-06,Bentong
2021-09-06,Bera
2021-09-06,Cameron Highlands
2021-09-06,Jerantut
2021-09-06,Kuantan
2021-09-06,Lipis
2021-09-06,Maran
2021-09-06,Pekan
2021-09-06,Raub
2021-09-06,Rompin
2021-09-06,Temerloh
2021-09-06,Bagan Datuk
2021-09-06,Batang Padang
2021-09-06,Hilir Perak
2021-09-06,Hulu Perak
2021-09-06,Kampar
2021-09-06,Kerian
2021-09-06,Kinta
2021-09-06,Kuala Kangsar
2021-09-06,Larut Dan Matang
2021-09-06,Manjung
2021-09-06,Muallim
2021-09-06,Perak Tengah
2021-09-06,Perlis
2021-09-06,Barat Daya
2021-09-06,Seberang Perai Selatan
2021-09-06,Seberang Perai Tengah
2021-09-06,Seberang Perai Utara
2021-09-06,Timur Laut
2021-09-06,Beaufort
2021-09-06,Beluran
2021-09-06,Keningau
2021-09-06,Kinabatangan
2021-09-06,Kota Belud
2021-09-06,Kota Kinabalu
2021-09-06,Kota Marudu
2021-09-06,Kuala Penyu
2021-09-06,Kudat
2021-09-06,Kunak
2021-09-06,Lahad Datu
2021-09-06,Nabawan
2021-09-06,Papar
2021-09-06,Penampang
2021-09-06,Pitas
2021-09-06,Putatan
2021-09-06,Ranau
2021-09-06,Sandakan
2021-09-06,Semporna
2021-09-06,Sipitang
2021-09-06,Tambunan
2021-09-06,Tawau
2021-09-06,Telupid
2021-09-06,Tenom
2021-09-06,Tongod
2021-09-06,Tuaran
2021-09-06,Asajaya
2021-09-06,Bau
2021-09-06,Belaga
2021-09-06,Beluru
2021-09-06,Betong
2021-09-06,Bintulu
2021-09-06,Dalat
2021-09-06,Daro
2021-09-06,Julau
2021-09-06,Kabong
2021-09-06,Kanowit
2021-09-06,Kapit
2021-09-06,Kuching
2021-09-06,Lawas
2021-09-06,Limbang
2021-09-06,Lubok Antu
2021-09-06,Lundu
2021-09-06,Maradong
2021-09-06,Marudi
2021-09-06,Matu
2021-09-06,Miri
2021-09-06,Mukah
2021-09-06,Pakan
2021-09-06,Pusa
2021-09-06,Samarahan
2021-09-06,Saratok
2021-09-06,Sarikei
2021-09-06,Sebauh
2021-09-06,Selangau
2021-09-06,Serian
2021-09-06,Sibu
2021-09-06,Simunjan
2021-09-06,Song
2021-09-06,Sri Aman
2021-09-06,Subis
2021-09-06,Tanjung Manis
2021-09-06,Tatau
2021-09-06,Tebedu
2021-09-06,Telang Usan
2021-09-06,Gombak
2021-09-06,Hulu Langat
2021-09-06,Hulu Selangor
2021-09-06,Klang
2021-09-06,Kuala Langat
2021-09-06,Kuala Selangor
2021-09-06,Petaling
2021-09-06,Sabak Bernam
2021-09-06,Sepang
2021-09-06,Besut
2021-09-06,Dungun
2021-09-06,Hulu Terengganu
2021-09-06,Kemaman
2021-09-06,Kuala Nerus
2021-09-06,Kuala Terengganu
2021-09-06,Marang
2021-09-06,Setiu
2021-09-06,Labuan
2021-09-06,Putrajaya
2021-09-07,Batu Pahat
2021-09-07,Johor Bahru
2021-09-07,Kluang
2021-09-07,Kota Tinggi
2021-09-07,Kulai
2021-09-07,Mersing
2021-09-07,Muar
2021-09-07,Pontian
2021-09-07,Segamat
2021-09-07,Tangkak
2021-09-07,Baling
2021-09-07,Bandar Baharu
2021-09-07,Kota Setar
2021-09-07,Kuala Muda
2021-09-07,Kubang Pasu
2021-09-07,Kulim
2021-09-07,Langkawi
2021-09-07,Padang Terap
2021-09-07,Pendang
2021-09-07,Pokok Sena
2021-09-07,Sik
2021-09-07,Yan
2021-09-07,Bachok
2021-09-07,Gua Musang
2021-09-07,Jeli
2021-09-07,Kecil Lojing
2021-09-07,Kota Bharu
2021-09-07,Kuala Krai
2021-09-07,Machang
2021-09-07,Pasir Mas
2021-09-07,Pasir Puteh
2021-09-07,Tanah Merah
2021-09-07,Tumpat
2021-09-07,Alor Gajah
2021-09-07,Jasin
2021-09-07,Melaka Tengah
2021-09-07,Jelebu
2021-09-07,Jempol
2021-09-07,Kuala Pilah
2021-09-07,Port Dickson
2021-09-07,Rembau
2021-09-07,Seremban
2021-09-07,Tampin
2021-09-07,Bentong
2021-09-07,Bera
2021-09-07,Cameron Highlands
2021-09-07,Jerantut
2021-09-07,Kuantan
2021-09-07,Lipis
2021-09-07,Maran
2021-09-07,Pekan
2021-09-07,Raub
2021-09-07,Rompin
2021-09-07,Temerloh
2021-09-07,Bagan Datuk
2021-09-07,Batang Padang
2021-09-07,Hilir Perak
2021-09-07,Hulu Perak
2021-09-07,Kampar
2021-09-07,Kerian
2021-09-07,Kinta
2021-09-07,Kuala Kangsar
2021-09-07,Larut Dan Matang
2021-09-07,Manjung
2021-09-07,Muallim
2021-09-07,Perak Tengah
2021-09-07,Perlis
2021-09-07,Barat Daya
2021-09-07,Seberang Perai Selatan
